TITLE: Bill of Materials,,,,,,,,,,,,,,,,,,,
DATE: 12/06/2019,,,,,,,,,,,,,,,,,,,
DESIGN: 02_059334a_top,,,,,,,,,,,,,,,,,,,
TEMPLATE: C:\\tmp\\20_059334a\\worklib\\02_059334a_top\\bom\\template.bom,,,,,,,,,,,,,,,,,,,
CALLOUT: C:\tmp\20_059334a\worklib\02_059334a_top\bom\059334-01-a.callouts,,,,,,,,,,,,,,,,,,,
,,,,,,,,,,,,,,,,,,,
ITEM#,Qty,WW_PN,DESCRIPTION, VALUE,JEDEC_TYPE,TOL,VOLTAGE,WATTAGE,LOCATION,MFG, MFG_PN,HLM_STATUS,CUSTOM_PART,DNI,,,,,
1,1,09-059334-01-a1,Printed Circuit Board,,,,,,,ADI Supplied,09-059334-01-a1,,,,,,,,
2,2,E020695,"CAP CER X5R, GENERAL PURPOSE", 1uF,C0402,20,16V,N/A,"C1,C36",MURATA, GRM155R61C105MA12D,REL,?,?,,,,,
3,8,E007203,CAP CER CHIP X8R, 0.01UF,C0402,10,25V,N/A,"C8,C10,C15,C22,C27,C31,C32,C35",TDK, C1005X8R1E103K,REL,?,?,,,,,
4,21,E016510,CAP CER X5R, 0.1uF,C0402,10,10V,N/A,"C2,C5,C6,C7,C9,C11,C12,C13,C14,C16,C19,C20,C23,C24,C25,C26,C28,C29,C30,C34,C44",TAIYO YUDEN, LMK105BJ104KV-F,REL,?,?,,,,,
5,3,E017158,"CAP CER X5R, GENERAL PURPOSE", 22uF,C0603,20,4V,N/A,"C17,C21,C33",MURATA, GRM188R60G226MEA0D,REL,?,?,,,,,
6,1,E021628,"CAP CER X5R, GENERAL PURPOSE", 2.2uF,C0402,10,6.3V,N/A,C18,MURATA, GRM155R60J225KE95D,REL,?,?,,,,,
7,2,E033176,"CAP CER C0G(NP0), COMMERCIAL GRADE", 13PF,C0402H22,5,50V,N/A,"C3,C4",KEMET, C0402C130J5GAC7411,REL,?,?,,,,,
8,6,E020112,CAP CER X5R, 4.7uF,C0603,10,16V,N/A,"C38,C39,C40,C41,C42,C43",TDK, C1608X5R1C475K080AC,REL,?,?,,,,,
9,1,E026881,CAP CER X7R, 10UF,C1206H71,10,50V,N/A,C45,SAMSUNG, CL31B106KBHNNNE,REL,?,?,,,,,
10,2,E020896,CAP CER X5R, 10uF,C0603,20,16V,N/A,"C46,C48",TDK, C1608X5R1C106M080AB,REL,?,?,,,,,
11,1,E030046,CAP CER X5R, 1UF,C0402,20,16V,N/A,C47,SAMSUNG, CL05A105MO5NNNC,REL,?,?,,,,,
12,1,E023105,DIODE TVS ARRAY,82400102,SOT23_6-2,N/A,5V,N/A,D1,WURTH ELEKTRONIK GROUP,82400102,REL,?,?,,,,,
13,1,E033001,"LED GREEN 574NM 35MCS, WATER CLEAR LENS", LTST-C191KGKT,LED0603_A,N/A,2V,3/40W,DS1,LITE-ON TECHNOLOGY, LTST-C191KGKT,REL,?,?,,,,,
14,2,E025936,"LED, YELLOW 588NM 180MCD, WATER CLEAR LENS", LTST-C191KSKT,LED0603,N/A,2V,0.075W,"DS2,DS3",LITE-ON TECHNOLOGY, LTST-C191KSKT,REL,?,?,,,,,
15,4,E022193,IND CHIP FERRITE BEAD, 600OHM AT 100MEGHZ,L0805,25,N/A,N/A,"E1,E2,E3,E4",TDK, MPZ2012S601AT000,REL,?,?,,,,,
16,1,E025013,MOD USB TYPE-C CONNECTOR, DX07S024JJ3,MDX07S024JJ3,N/A,N/A,N/A,M1,JAE (JAPAN AVIATION ELECTRONICS), DX07S024JJ3,REL,?,?,,,,,
17,1,E032336,"CONN-PCB WIRE TO BRD SHROUDED HDR R/A 2.5MM PITCH, 3.4MM SOLDER TAIL", S2B-XH-A(LF)(SN),CNTHMHDRRA1X2L291W452H240,N/A,N/A,N/A,P1,JST, S2B-XH-A(LF)(SN),REL,?,?,,,,,
18,1,E038809,"CONN-PCB 3POS MALE HDR UNSHROUDED SINGLE ROW RA, 5.84MM POST HEIGHT, 2.54MM PITCH", TSM-103-01-L-SH,CNSMMHDRRA1X3L300W100H125,N/A,N/A,N/A,P2,SAMTEC INC., TSM-103-01-L-SH,REL,?,?,,,,,
19,1,E038806,CONN-PCB HEADER UNSHROUDED RA 16POS 4MM POST LENGTH, 10112690-G03-08ULF,CNSMMHDRRA2X8L630W59H169,N/A,N/A,N/A,P3,AMPHENOL FCI, 10112690-G03-08ULF,REL,?,?,,,,,
20,1,E038807,CONN-PCB HEADER UNSHROUDED RA 10POS 4MM POST LENGTH, 10112690-G03-05ULF,CNSMMHDRRA2X5L394W59H169,N/A,N/A,N/A,P4,AMPHENOL FCI, 10112690-G03-05ULF,REL,?,?,,,,,
21,3,E003462,RES FILM SMD 0402,330,R0402,5,N/A,1/16W,"R1,R2,R3",PANASONIC, ERJ-2GEJ331X,REL,?,?,,,,,
22,1,E003796,RES PRECISION THICK FILM CHIP, 100K,R0402,1,N/A,1/16W,R10,PANASONIC, ERJ-2RKF1003X,REL,?,?,,,,,
23,3,E003751,RES PRECISION THICK FILM CHIP, 10K,R0402,1,N/A,1/10W,"R11,R23,R24",PANASONIC, ERJ-2RKF1002X,REL,?,?,,,,,
24,1,E003753,RES PRECISION THICK FILM CHIP,200,R0402,1,N/A,1/10W,R12,PANASONIC, ERJ-2RKF2000X,REL,?,?,,,,,
25,1,E004030,RES PRECISION THICK FILM CHIP, 6.04K,R0402,1,N/A,1/16W,R13,PANASONIC, ERJ-2RKF6041X,REL,?,?,,,,,
26,2,E003752,RES PRECISION THICK FILM CHIP, 2K,R0402,1,N/A,1/10W,"R14,R15",PANASONIC, ERJ-2RKF2001X,REL,?,?,,,,,
27,2,E019615,RES STD THICK FILM CHIP, 5.1K,R0402,1,50V,1/16W,"R16,R17",VISHAY, CRCW04025K10FKED,REL,?,?,,,,,
28,2,E030156,"RES THICK FILM CHIP JUMPER, AUTOMOTIVE GRADE",0,R0402,N/A,N/A,1/16W,"R5,R18",YAGEO, AC0402JR-070RL,REL,?,?,,,,,
29,4,E033672,"RES THICK FILM CHIP, AUTOMOTIVE GRADE",22,R0402,5,N/A,1/10W,"R19,R20,R21,R22",PANASONIC, ERJ-2GEJ220X,REL,?,?,,,,,
30,5,E030156,"RES THICK FILM CHIP JUMPER, AUTOMOTIVE GRADE",0,R0402,N/A,N/A,1/16W,"R4,R6,R7,R8,R9",YAGEO, AC0402JR-070RL,REL,?,DNI,,,,,
31,1,E016303,SWITCH ULTRA SMALL TACTILE, B3U-1000P,SWSML118W98H69,N/A,N/A,N/A,S1,OMRON, B3U-1000P,REL,?,?,,,,,
32,1,E022930,IC EZ-USB FX3 SUPERSPEED USB CONTROLLER, CYUSB3014-BZXC,BGA121_A,N/A,N/A,?,U1,CYPRESS SEMICONDUCTOR, CYUSB3014-BZXC,REL,?,?,,,,,
33,1,E039502,IC-ADI SINGLE AND DUAL PCMCIA PROTECTED 3.3V/5V VCC SWITCHES, LTC1470CS8#PBF,SO8NB-5,N/A,N/A,?,U2,ANALOG DEVICES, LTC1470CS8#PBF,REL,?,?,,,,,
34,1,E023121,IC 2-MBIT SERIAL I2C BUS EEPROM, M24M02-DRMN6TP,SO8,N/A,N/A,?,U3,STMICROELECTRONICS, M24M02-DRMN6TP,REL,?,?,,,,,
35,1,E022887,"IC-ADI 6.5V, 2A, ULTRA-LOW NOISE, HIGH PSRR, FAST TRANSIENT RESPONSE CMOS LDO, 3.3VOUT", ADM7172ACPZ-3.3,DFN8_3X3_PAD2_44X1_6_A,N/A,N/A,?,U4,ANALOG DEVICES, ADM7172ACPZ-3.3-R7,REL,?,?,,,,,
36,1,E038808,"IC-ADI TRIPLE VOUT, LOW MOISE HIGH PSRR VOLTAGE REGULATOR", ADP322ACPZ-165,QFN16_3X3_PAD1_6X1_6,N/A,N/A,?,U5,ANALOG DEVICES, ADP322ACPZ-165-R7,REL,?,?,,,,,
37,1,E023118,IC CRYSTAL SMD 13PF, 19.200MEGHZ,YSML98W79H26,N/A,N/A,N/A,Y1,NDK, NX2520SA-19.200000MHZ-NBG1,NON-PREF,?,?,,,,,
,,,,,,,,,,,,,,,,,,,
Callouts File:C:\tmp\20_059334a\worklib\02_059334a_top\bom\059334-01-a.callouts,,,,,,,,,,,,,,,,,,,
Mechanical Parts,,,,,,,,,,,,,,,,,,,
ITEM#,Qty,WW_PN,DESCRIPTION, VALUE,JEDEC_TYPE,TOL,VOLTAGE,WATTAGE,LOCATION,MFG, MFG_PN,HLM_STATUS,STOCKROOM_WL,STOCKROOM_GT,STOCKROOM_LK,STOCKROOM_GBO,STOCKROOM_NSH,CUSTOM_PART,DNI
2,1,M029337,"JUMPER OPEN TOP, 2.54MM CONTACT CENTER, BLACK", ?,N/A,?,?,?,?,SULLINS, QPC02SXGN-RC,REL,N/A,N/A,N/A,N/A,N/A,?,?
